Condition,Mean_Beta,Std_Beta,Min_Beta,Max_Beta,N_Items
A,0.10673454332531036,0.3157560751036833,-0.012509687974424255,0.9957979167271063,500
B,0.1155320733766573,0.32506297890237956,-0.012509687974424255,0.9957979167271063,500
C,0.11573145588949403,0.32498861914701727,-0.012509687974424255,0.9957979167271063,500
