Method,Mean_Theta,Std_Theta,Min_Theta,Max_Theta,N_Persons,Rank
MEMIT,0.504105521428637,1.1102230246251565e-16,0.5041055214286368,0.5041055214286368,750,1
ROME,0.48749031202557574,0.0,0.48749031202557574,0.48749031202557574,750,2
