Model,Log-Likelihood,AIC,BIC,Parameters,Persons,Items,Converged
1PL,-367.0653369394513,1488.1306738789026,3229.898272740847,377,2,375,True
