Parameter,Mean,Std,Min,Max,Median,N
Person Ability (θ),0.49579791672710627,0.008307604701530552,0.48749031202557574,0.5041055214286368,0.49579791672710627,2
Item Difficulty (β),0.1126660241971539,0.32199287537022175,-0.012509687974424255,0.9957979167271063,-0.004202083272893731,375
